Lfd.-Nr.:;Ortsteil;Straße;örtlicher_Bezug;Hausnr;Hausnr_Zusatz;Baum_Nr;Sorte botanisch;Sorte deutsch;Hochwert;Rechtswert;Pflanzjahr;Standalter;Stammanzahl;Stammumfang;Stammdurchmesser
114;Friedrichshain;Auerstraße;Nr. 26;26;;13;13 Acer platanoides 'Columnare' (aktiv);Säulenförmiger Spitz-Ahorn;5820000.181;394494.3586;2019;1;1;19;6
115;Friedrichshain;Auerstraße;vot Grfl. Ecke Löwesreaße;;;17;17 Acer platanoides 'Columnare' (aktiv);Säulenförmiger Spitz-Ahorn;5820035.644;394519.8297;2019;1;1;19;6
116;Friedrichshain;Auerstraße;Nr. 38;38;;19. Jan;19/1 Acer platanoides 'Columnare' (aktiv);Säulenförmiger Spitz-Ahorn;5820080.001;394549.2859;2019;1;1;19;6
117;Friedrichshain;Auerstraße;Nr. 16;;;7;7 Acer platanoides 'Columnare' (aktiv);Säulenförmiger Spitz-Ahorn;5819933.158;394447.2577;2019;1;1;19;6
118;Friedrichshain;Auerstraße;Nr. 16;;;7;7 Acer platanoides 'Columnare' (aktiv);Säulenförmiger Spitz-Ahorn;5819933.158;394447.2577;2019;1;1;19;6
119;Friedrichshain;Bänschstraße;;;;100;100 Crataegus prunifolia (aktiv);Pflaumenblättriger Weiss-Dorn;5819681.288;396196.8315;2016;4;1;19;6
120;Friedrichshain;Bänschstraße;;;;100/1;100/1 Crataegus prunifolia (aktiv);Pflaumenblättriger Weiss-Dorn;5819681.244;396196.8536;2016;4;1;18;6
121;Friedrichshain;Bänschstraße;Grün. Mittelstreifen;;;101;101 Crataegus prunifolia (aktiv);Pflaumenblättriger Weiss-Dorn;5819683.275;396190.4648;2016;4;1;19;6
122;Friedrichshain;Bänschstraße;;;;110;110 Crataegus prunifolia (aktiv);Pflaumenblättriger Weiss-Dorn;5819712.616;396099.9014;2013;7;1;23;7
123;Friedrichshain;Bänschstraße;;73;;111;111 Crataegus prunifolia (aktiv);Pflaumenblättriger Weiss-Dorn;5819714.6;396093.9689;2014;6;1;18;6
124;Friedrichshain;Bänschstraße;;;;117;117 Crataegus prunifolia (aktiv);Pflaumenblättriger Weiss-Dorn;5819726.189;396057.1626;2013;7;1;25;8
125;Friedrichshain;Bänschstraße;;;;118;118 Crataegus prunifolia (aktiv);Pflaumenblättriger Weiss-Dorn;5819728.256;396050.3056;2013;7;1;28;9
126;Friedrichshain;Bänschstraße;;;;119;119 Crataegus prunifolia (aktiv);Pflaumenblättriger Weiss-Dorn;5819730.399;396043.425;2013;7;1;25;8
127;Friedrichshain;Bänschstraße;vor Kirche ggü Nr. 63;63;;125;125 Crataegus prunifolia (aktiv);Pflaumenblättriger Weiss-Dorn;5819758.605;395988.7815;2014;6;1;19;6
128;Friedrichshain;Bänschstraße;;;;133;133 Crataegus prunifolia (aktiv);Pflaumenblättriger Weiss-Dorn;5819777.522;395899.0148;2013;7;1;24;8
129;Friedrichshain;Bänschstraße;;;;144;144 Crataegus prunifolia (aktiv);Pflaumenblättriger Weiss-Dorn;5819801.669;395823.8712;2013;7;1;24;8
130;Friedrichshain;Bänschstraße;;;;146;146 Crataegus prunifolia (aktiv);Pflaumenblättriger Weiss-Dorn;5819806.975;395808.4019;2013;7;1;23;7
131;Friedrichshain;Bänschstraße;;;;150;150 Crataegus prunifolia (aktiv);Pflaumenblättriger Weiss-Dorn;;;2016;4;1;20;6
132;Friedrichshain;Bänschstraße;Grün. Mittelstreifen;;;153;153 Crataegus prunifolia (aktiv);Pflaumenblättriger Weiss-Dorn;5819823.247;395757.6278;2016;4;1;22;7
133;Friedrichshain;Bänschstraße;Grün. Mittelstreifen;;;160;160 Crataegus prunifolia (aktiv);Pflaumenblättriger Weiss-Dorn;5819841.032;395702.1113;2016;4;1;21;7
134;Friedrichshain;Bänschstraße;Grün. Mittelstreifen;;;165;165 Crataegus prunifolia (aktiv);Pflaumenblättriger Weiss-Dorn;5819852.393;395666.8006;2016;4;1;20;6
135;Friedrichshain;Bänschstraße;;;;17;17 Crataegus prunifolia (aktiv);Pflaumenblättriger Weiss-Dorn;5819818.933;395748.9265;2013;7;1;25;8
136;Friedrichshain;Bänschstraße;Grün. Mittelstreifen;;;19;19 Crataegus prunifolia (aktiv);Pflaumenblättriger Weiss-Dorn;5819814.432;395763.7495;2016;4;1;21;7
137;Friedrichshain;Bänschstraße;Grün. Mittelstreifen;;;20;20 Crataegus prunifolia (aktiv);Pflaumenblättriger Weiss-Dorn;5819812.142;395770.5953;2016;4;1;22;7
138;Friedrichshain;Bänschstraße;;;;20. Jan;20/1 Crataegus prunifolia (aktiv);Pflaumenblättriger Weiss-Dorn;5819810.648;395777.2537;2016;4;1;22;7
139;Friedrichshain;Bänschstraße;;;;24;24 Crataegus prunifolia (aktiv);Pflaumenblättriger Weiss-Dorn;5819798.246;395814.0669;2013;7;1;25;8
140;Friedrichshain;Bänschstraße;Grün. Mittelstreifen;46;;25;25 Crataegus prunifolia (aktiv);Pflaumenblättriger Weiss-Dorn;5819796.611;395820.5272;2014;6;1;19;6
141;Friedrichshain;Bänschstraße;;;;31;31 Crataegus prunifolia (aktiv);Pflaumenblättriger Weiss-Dorn;5819782.112;395863.2155;2013;7;1;26;8
142;Friedrichshain;Bänschstraße;;74;;61;61 Crataegus prunifolia (aktiv);Pflaumenblättriger Weiss-Dorn;5819708.341;396092.8898;2014;6;1;18;6
143;Friedrichshain;Bänschstraße;;;;74;74 Crataegus prunifolia (aktiv);Pflaumenblättriger Weiss-Dorn;5819673.695;396201.8934;2016;4;1;22;7
144;Friedrichshain;Bänschstraße;;;;78;78 Crataegus prunifolia (aktiv);Pflaumenblättriger Weiss-Dorn;5819661.931;396237.6044;2013;7;1;8;3
145;Friedrichshain;Bänschstraße;;;;79;79 Crataegus prunifolia (aktiv);Pflaumenblättriger Weiss-Dorn;5819658.31;396248.1745;2013;7;1;8;3
146;Friedrichshain;Bänschstraße;Grün. Mittelstreifen;;;81;81 Crataegus prunifolia (aktiv);Pflaumenblättriger Weiss-Dorn;5819653.338;396262.4986;2016;4;1;22;7
147;Friedrichshain;Bänschstraße;;;;87;87 Crataegus prunifolia (aktiv);Pflaumenblättriger Weiss-Dorn;5819652.034;396286.1995;2013;7;1;23;7
148;Friedrichshain;Bänschstraße;;;;88;88 Crataegus prunifolia (aktiv);Pflaumenblättriger Weiss-Dorn;5819653.936;396279.9593;2013;7;1;26;8
149;Friedrichshain;Bänschstraße;Grün. Mittelstreifen;;;89;89 Crataegus prunifolia (aktiv);Pflaumenblättriger Weiss-Dorn;5819655.821;396274.4927;2016;4;1;20;6
150;Friedrichshain;Bänschstraße;;;;9;9 Crataegus prunifolia (aktiv);Pflaumenblättriger Weiss-Dorn;5819839.99;395685.8567;2016;4;1;19;6
151;Friedrichshain;Bänschstraße;Grün. Mittelstreifen;91;;90;90 Crataegus prunifolia (aktiv);Pflaumenblättriger Weiss-Dorn;5819657.84;396267.7025;2014;6;1;21;7
152;Friedrichshain;Bänschstraße;;;;91;91 Crataegus prunifolia (aktiv);Pflaumenblättriger Weiss-Dorn;5819660.012;396261.9416;2013;7;1;28;9
153;Friedrichshain;Bänschstraße;;;;92;92 Crataegus prunifolia (aktiv);Pflaumenblättriger Weiss-Dorn;5819662.331;396254.0814;2013;7;1;25;8
154;Friedrichshain;Bänschstraße;;;;93;93 Crataegus prunifolia (aktiv);Pflaumenblättriger Weiss-Dorn;5819665.029;396246.6945;2013;7;1;23;7
155;Friedrichshain;Bänschstraße;Grün. Mittelstreifen;;;99;99 Crataegus prunifolia (aktiv);Pflaumenblättriger Weiss-Dorn;5819677.729;396208.6776;2016;4;1;20;6
156;Friedrichshain;Boxhagener Straße;Nr. 75;75;;13. Jan;13/1 Fraxinus ornus 'Obelisk' (aktiv);Säulen-Blumenesche;5818553.022;396047.6562;2019;1;;;
157;Friedrichshain;Boxhagener Straße;Nr. 99/ Ecke Mainzerstraße;;;30;30 Acer platanoides 'Olmstedt' (aktiv);Spitz-Ahorn 'Olmstedt';5819124.687;395582.0962;2013;7;1;41;13
158;Friedrichshain;Boxhagener Straße;Nr. 36/ Ecke Gärtnerstraße;36;;63;63 Tilia intermedia 'Pallida' (aktiv);Kaiser-Linde;5819115.06;395566.7704;2019;1;1;20;6
159;Friedrichshain;Boxhagener Straße;Nr. 36/ Ecke Gärtnerstraße;36;;63;63 Tilia intermedia 'Pallida' (aktiv);Kaiser-Linde;5819115.06;395566.7704;2019;1;1;20;6
160;Friedrichshain;Dirschauer Straße;;10;;1;1 Sorbus spec. (aktiv);Eberesche. Mehlbeere;5818622.045;395253.5892;2016;4;1;18;6
161;Friedrichshain;Dirschauer Straße;Nr. 6;6;;33;33 Sorbus spec. (aktiv);Eberesche. Mehlbeere;5818685.192;395261.5833;2016;4;1;18;6
162;Friedrichshain;Dossestraße;;;;30;30 Fraxinus ornus 'Obelisk' (aktiv);Säulen-Blumenesche;5818997.925;396413.6747;2019;1;;;
163;Friedrichshain;Ebertystraße;14;14;;25;25 Prunus padus 'Albertii' (aktiv);Trauben-Kirsche 'Albertii';5820477.472;395024.7451;2014;6;1;20;6
164;Friedrichshain;Ebertystraße;Nr. 31;31;;49;49 Prunus padus 'Albertii' (aktiv);Trauben-Kirsche 'Albertii';5820257.909;395123.7433;2014;6;1;20;6
165;Friedrichshain;Ebertystraße;Nr. 36-40;36;;59/1;59/1 Crataegus monogyna 'Stricta' (aktiv);Säulen-Weiss-Dorn;5820424.281;395058.5719;2019;1;1;19;6
166;Friedrichshain;Ebertystraße;Nr. 36-40;36;;60;60 Crataegus monogyna 'Stricta' (aktiv);Säulen-Weiss-Dorn;;;2019;1;1;19;6
167;Friedrichshain;Ebertystraße;Nr. 36-40;36;;61;61 Crataegus monogyna 'Stricta' (aktiv);Säulen-Weiss-Dorn;5820448.886;395049.0035;2019;1;1;19;6
168;Friedrichshain;Ebertystraße;Nr. 42;;;65;65 Crataegus monogyna 'Stricta' (aktiv);Säulen-Weiss-Dorn;;;2019;1;1;19;6
169;Friedrichshain;Ebertystraße;Nr. 46;;;75;75 Crataegus monogyna 'Stricta' (aktiv);Säulen-Weiss-Dorn;;;2019;1;1;19;6
170;Friedrichshain;Ebertystraße;Nr. 48;48;;78/1;78/1 Crataegus monogyna 'Stricta' (aktiv);Säulen-Weiss-Dorn;5820639.572;394975.1894;2019;1;1;19;6
171;Friedrichshain;Ebertystraße;Nr. 49;49;;80;80 Crataegus monogyna 'Stricta' (aktiv);Säulen-Weiss-Dorn;;;2019;1;1;19;6
172;Friedrichshain;Ebertystraße;Nr. 50;50;;80/1;80/1 Crataegus monogyna 'Stricta' (aktiv);Säulen-Weiss-Dorn;5820664.296;394965.9544;2019;1;1;19;6
173;Friedrichshain;Friedenstraße (zw. Königstor und Landsberger);vor Parkplatz;;;20;20 Tilia intermedia 'Pallida' (aktiv);Kaiser-Linde;5820488.624;393602.9763;2019;1;1;19;6
174;Friedrichshain;Friedenstraße (zw. Landsberger u. Par. Kommune);ggü Nr. 52;;;39;39 Tilia intermedia 'Pallida' (aktiv);Kaiser-Linde;5820065.038;393998.6884;2013;7;1;26;8
175;Friedrichshain;Grünberger Straße;Nr. 75;;;17;17 Tilia intermedia 'Pallida' (aktiv);Kaiser-Linde;5819027.926;395477.6593;2013;7;1;26;8
176;Friedrichshain;Gryphiusstraße;;29;;39;39 Acer platanoides 'Columnare' (aktiv);Säulenförmiger Spitz-Ahorn;;;2019;1;1;18;6
177;Friedrichshain;Gubener Straße;Nr. 3b;;;5;5 Gymnocladus dioicus (aktiv);Geweihbaum;5819545.739;394515.2071;2019;1;;;
178;Friedrichshain;Hübnerstraße;gegü Nr. 7. Ecke Eldenaerstraße;;;13;13 Prunus sargentii (aktiv);Scharlach-Kirsche;;;2019;1;1;20;6
179;Friedrichshain;Hübnerstraße;Nr. 10;10;;16;16 Crataegus prunifolia (aktiv);Pflaumenblättriger Weiss-Dorn;;;2019;1;1;20;6
180;Friedrichshain;Jessnerstraße;Nr. 52;52;;30;30 Crataegus x lavallei 'Carrierei' (aktiv);Apfel-Dorn;5818854.806;396191.0754;2016;4;1;25;8
181;Friedrichshain;Jessnerstraße;Nr. 67. Ecke Weserstraße;63;;41;41 Tilia spec. (aktiv);Linde;5818746.91;396128.5119;2016;4;1;22;7
182;Friedrichshain;Jessnerstraße;Nr. 67;63;;42;42 Tilia spec. (aktiv);Linde;5818755.367;396134.6979;2016;4;1;22;7
183;Friedrichshain;Jessnerstraße;Nr. 47. Ecke Oderstraße;47;;51;51 Crataegus x lavallei 'Carrierei' (aktiv);Apfel-Dorn;5818880.888;396220.832;2016;4;1;18;6
184;Friedrichshain;Jessnerstraße;Nr. 19. Ecke Scharnweber Straße;19;;66;66 Crataegus monogyna 'Stricta' (aktiv);Säulen-Weiss-Dorn;5819059.773;396344.6183;2019;1;;;
185;Friedrichshain;Karl-Marx-Allee;;;;306;306 Tilia intermedia (aktiv);Holländische Linde;;;2019;1;1;;
186;Friedrichshain;Karl-Marx-Allee;;;;378;378 Tilia intermedia (aktiv);Holländische Linde;;;2019;1;1;19;6
187;Friedrichshain;Karl-Marx-Allee;;;;379;379 Tilia intermedia (aktiv);Holländische Linde;;;2019;1;1;19;6
188;Friedrichshain;Karl-Marx-Allee;Nr. 116;;;381;381 Tilia intermedia 'Pallida' (aktiv);Kaiser-Linde;5819605.835;394631.1773;2013;7;1;30;10
189;Friedrichshain;Karl-Marx-Allee;Nr. 128;;;400;400 Tilia intermedia 'Pallida' (aktiv);Kaiser-Linde;5819574.483;394798.7414;2013;7;1;32;10
190;Friedrichshain;Karl-Marx-Allee;Nr. 128;;;401;401 Tilia intermedia 'Pallida' (aktiv);Kaiser-Linde;5819572.502;394807.43;2013;7;1;30;10
191;Friedrichshain;Kochhannstraße;Nr. 24;24;;11;11 Tilia intermedia 'Pallida' (aktiv);Kaiser-Linde;5820567.215;394958.4133;2014;6;1;23;7
192;Friedrichshain;Kochhannstraße;Nr. 28;28;;15;15 Carpinus betulus 'Fastigiata' (aktiv);Pyramiden-Hainbuche;;;2019;1;1;20;6
193;Friedrichshain;Landsberger Allee;Nr. 20;20;;6;6 Tilia intermedia 'Pallida' (aktiv);Kaiser-Linde;5820391.396;393909.779;2013;7;1;32;10
194;Friedrichshain;Lehmbruckstraße;;;;10;10 Pyrus calleryana 'Chanticleer' (aktiv);Chinesische Wild-Birne;5818067.883;394980.6543;2019;1;;;
195;Friedrichshain;Lehmbruckstraße;hnr.9;9;;5;5 Sorbus hybrida (aktiv);Hybrid-Eberesche;5818108.557;394998.5159;2016;4;1;20;6
196;Friedrichshain;Lenbachstraße;;;;58;58 Tilia spec. (aktiv);Linde;;;2019;1;1;20;6
197;Friedrichshain;Lenbachstraße;;;;58;58 Tilia spec. (aktiv);Linde;;;2019;1;1;20;6
198;Friedrichshain;Libauer Straße;Nr. 13;13;;3;3 Pyrus x canescens (aktiv);Weissgraue Wildbirne;5818737.466;395024.989;2016;4;1;19;6
199;Friedrichshain;Liebigstraße;Nr. 11;11;;11;11 Sorbus intermedia 'Brouwers' (aktiv);Schwedische Mehlbeere;5819708.346;395289.0551;2014;6;1;20;6
200;Friedrichshain;Liebigstraße;Nr. 34/ Ecke Rigaer Straße;;;36;36 Pyrus calleryana 'Chanticleer' (aktiv);Chinesische Wild-Birne;5819777.941;395312.4234;2019;1;1;18;6
201;Friedrichshain;Mainzer Straße;Nr. 7;;;10;10 Liquidambar styraciflua (aktiv);Amberbaum;5819269.163;395660.1312;2013;7;1;22;7
202;Friedrichshain;Mainzer Straße;Nr. 8;;;11;11 Liquidambar styraciflua (aktiv);Amberbaum;5819255.884;395654.3271;2013;7;1;22;7
203;Friedrichshain;Mainzer Straße;Nr. 9;;;12;12 Liquidambar styraciflua (aktiv);Amberbaum;5819243.116;395648.2098;2013;7;1;20;6
204;Friedrichshain;Mainzer Straße;Nr. 1;;;2;2 Liquidambar styraciflua (aktiv);Amberbaum;5819378.246;395708.2081;2013;7;1;20;6
205;Friedrichshain;Mainzer Straße;Nr. 14;14;;21;21 Liquidambar styraciflua (aktiv);Amberbaum;5819141.273;395603.4579;2014;6;1;25;8
206;Friedrichshain;Mainzer Straße;Nr. 15;15;;25;25 Crataegus monogyna 'Stricta' (aktiv);Säulen-Weiss-Dorn;5819150.032;395616.4958;2019;1;1;;
207;Friedrichshain;Mainzer Straße;Nr. 16;16;;26;26 Crataegus monogyna 'Stricta' (aktiv);Säulen-Weiss-Dorn;5819163.002;395622.1141;2019;1;1;;
208;Friedrichshain;Mainzer Straße;Nr. 1A;;;3;3 Liquidambar styraciflua (aktiv);Amberbaum;5819363.063;395701.1949;2013;7;1;22;7
209;Friedrichshain;Mainzer Straße;Nr. 2;;;4;4 Liquidambar styraciflua (aktiv);Amberbaum;5819351.762;395696.3103;2013;7;1;25;8
210;Friedrichshain;Mainzer Straße;Nr. 3;;;5;5 Liquidambar styraciflua (aktiv);Amberbaum;5819336.755;395689.8614;2013;7;1;22;7
211;Friedrichshain;Mainzer Straße;Nr. 3;;;6;6 Liquidambar styraciflua (aktiv);Amberbaum;5819322.512;395683.384;2013;7;1;21;7
212;Friedrichshain;Mainzer Straße;Nr. 4;;;7;7 Liquidambar styraciflua (aktiv);Amberbaum;5819306.565;395676.3983;2013;7;1;28;9
213;Friedrichshain;Mainzer Straße;Nr. 5;;;8;8 Liquidambar styraciflua (aktiv);Amberbaum;5819295.638;395671.5208;2013;7;1;31;10
214;Friedrichshain;Mainzer Straße;Nr. 6;;;9;9 Liquidambar styraciflua (aktiv);Amberbaum;5819282.293;395666.0365;2013;7;1;22;7
215;Friedrichshain;Müggelstraße;Nr. 3;3;;15;15 Crataegus monogyna 'Stricta' (aktiv);Säulen-Weiss-Dorn;5819241.531;396275.4301;2019;1;0;;
216;Friedrichshain;Müggelstraße;Nr. 14;14;;44;44 Crataegus monogyna 'Stricta' (aktiv);Säulen-Weiss-Dorn;5818880.616;396085.5479;2019;1;;;
217;Friedrichshain;Müggelstraße;Nr. 15;15;;48/1;48/1 Crataegus monogyna 'Stricta' (aktiv);Säulen-Weiss-Dorn;5818847.456;396063.1986;2019;1;0;;
218;Friedrichshain;Mühsamstraße;Nr. 41;41;;21;21 Sorbus intermedia (aktiv);Oxelbeere. Schwedische Mehlbeere;5819997.117;394789.7565;2013;7;1;25;8
219;Friedrichshain;Mühsamstraße;Nr. 71;71;;3;3 Sorbus intermedia 'Brouwers' (aktiv);Schwedische Mehlbeere;5820119.844;395100.0595;2014;6;1;22;7
220;Friedrichshain;Neue Bahnhofstraße;Nr. 9 - 17;Sep 17;;16. Jan;16/1 Tilia spec. (aktiv);Linde;5818512.616;396227.8629;2019;1;1;22;7
221;Friedrichshain;Niederbarnimstraße;Nr. 26;;;28;28 Tilia intermedia 'Pallida' (aktiv);Kaiser-Linde;;;2013;7;1;21;7
222;Friedrichshain;Niederbarnimstraße;Nr. 8;;;44;44 Tilia intermedia 'Pallida' (aktiv);Kaiser-Linde;5819306.069;395410.8841;2013;7;1;40;13
223;Friedrichshain;Niederbarnimstraße;Nr. 11;;;48;48 Tilia intermedia 'Pallida' (aktiv);Kaiser-Linde;5819256.575;395378.8164;2013;7;1;28;9
224;Friedrichshain;Oderstraße;Nr. 16;;;41;41 Tilia intermedia 'Pallida' (aktiv);Kaiser-Linde;5819047.504;395949.2134;2013;7;1;31;10
225;Friedrichshain;Oderstraße;Nr. 20;;;48;48 Tilia intermedia 'Pallida' (aktiv);Kaiser-Linde;5818997.113;396033.3788;2013;7;1;25;8
226;Friedrichshain;Oderstraße;Nr. 21. Ecke Weichselstraße;;;53;53 Tilia intermedia 'Pallida' (aktiv);Kaiser-Linde;5818979.332;396064.1598;2013;7;1;28;9
227;Friedrichshain;Oderstraße;Nr. 6;6;;72;72 Gleditsia triacanthos f. Inermis (aktiv);Gleditschie 'Inermis';5818877.341;396256.5756;2016;4;1;22;7
228;Friedrichshain;Otto-Braun-Straße;86 - 88;86 - 88;;1;1 Platanus spec. (aktiv);Platane;5820796.595;392962.635;2014;6;1;33;11
229;Friedrichshain;Otto-Braun-Straße;86 - 88;86 - 88;;2;2 Platanus spec. (aktiv);Platane;5820809.432;392972.2634;2014;6;1;28;9
230;Friedrichshain;Otto-Braun-Straße;86 - 88;86 - 88;;3;3 Platanus spec. (aktiv);Platane;5820821.764;392981.2161;2014;6;1;29;9
231;Friedrichshain;Pettenkoferstraße;Nr. 8;8;;17;17 Pyrus calleryana 'Chanticleer' (aktiv);Chinesische Wild-Birne;5819611.067;396329.0401;2019;1;1;19;6
232;Friedrichshain;Pettenkoferstraße;Nr. 28;28;;42/1;42/1 Pyrus calleryana 'Chanticleer' (aktiv);Chinesische Wild-Birne;5819962.181;396185.6787;2019;1;1;19;6
233;Friedrichshain;Pintschstraße;Nr. 20;20;;18;18 Tilia intermedia 'Pallida' (aktiv);Kaiser-Linde;5820299.635;394738.4796;2013;7;1;36;11
234;Friedrichshain;Pintschstraße;Nr. 21;21;;19;19 Tilia intermedia 'Pallida' (aktiv);Kaiser-Linde;5820293.554;394740.8445;2013;7;1;31;10
235;Friedrichshain;Proskauer Straße;Nr. 38;;;78/1;78/1 Tilia intermedia 'Pallida' (aktiv);Kaiser-Linde;5819533.187;395523.5307;2013;7;1;35;11
236;Friedrichshain;Revaler Straße;;;;31;31 Gleditsia triacanthos 'Shademaster' (aktiv);Gleditschie 'Shademaster';;;2019;1;1;20;6
237;Friedrichshain;Revaler Straße;vor Kaufhalle;;;4;4 Gleditsia triacanthos (aktiv);Dreidorniger Lederhülsenbaum;5818739.936;394790.0744;2019;1;1;20;6
238;Friedrichshain;Revaler Straße;Nr. 99/ ggü Libauer Straße;;;67;67 Gleditsia triacanthos (aktiv);Dreidorniger Lederhülsenbaum;5818687.468;394992.2945;2019;1;1;20;6
239;Friedrichshain;Revaler Straße;Nr. 99/ ggü Nr 6/ Ecke Warschauer Straße;;;76;76 Gleditsia triacanthos 'Shademaster' (aktiv);Gleditschie 'Shademaster';5818718.466;394896.8123;2019;1;1;20;6
240;Friedrichshain;Richard-Sorge-Straße;Nr. 32;;;42;42 Corylus colurna (aktiv);Baum-Hasel;5820226.844;394585.7593;2019;1;1;19;6
241;Friedrichshain;Richard-Sorge-Straße;Nr. 36;36;;50;50 Corylus colurna (aktiv);Baum-Hasel;5820281.173;394562.5615;2014;6;1;21;7
242;Friedrichshain;Richard-Sorge-Straße;53 - 61;53 - 61;;80;80 Corylus colurna (aktiv);Baum-Hasel;5820486.238;394460.0293;2014;6;1;28;9
243;Friedrichshain;Rigaerstraße;Nr. 81-82;;;40;40 Corylus colurna (aktiv);Baum-Hasel;5819650.217;395653.626;2019;1;1;18;6
244;Friedrichshain;Rotherstraße;HausNr.: 25;;;15;15 Crataegus monogyna 'Stricta' (aktiv);Säulen-Weiss-Dorn;5818155.373;394953.3376;2019;1;;;
245;Friedrichshain;Samariterstraße;Nr. 8;;;13;13 Pyrus calleryana 'Chanticleer' (aktiv);Chinesische Wild-Birne;5819558.181;395849.0107;2019;1;0;;
246;Friedrichshain;Samariterstraße;Nr. 10;10;;17;17 Pyrus calleryana 'Chanticleer' (aktiv);Chinesische Wild-Birne;5819613.079;395866.7472;2019;1;1;20;6
247;Friedrichshain;Samariterstraße;Nr. 17;17;;35;35 Sorbus intermedia 'Brouwers' (aktiv);Schwedische Mehlbeere;5819848.992;395942.2799;2014;6;1;20;6
248;Friedrichshain;Samariterstraße;Nr. 20;;;44/1;44/1 Pyrus calleryana 'Chanticleer' (aktiv);Chinesische Wild-Birne;5819976.07;395983.3154;2019;1;1;18;6
249;Friedrichshain;Samariterstraße;Nr. 22/ Ecke Eldenaerstraße;22;;47;47 Pyrus calleryana 'Chanticleer' (aktiv);Chinesische Wild-Birne;5819977.129;395968.4897;2019;1;1;19;6
250;Friedrichshain;Samariterstraße;Nr. 22;22;;48;48 Pyrus calleryana 'Chanticleer' (aktiv);Chinesische Wild-Birne;;;2019;1;1;18;6
251;Friedrichshain;Samariterstraße;Nr. 4;4;;6;6 Pyrus calleryana 'Chanticleer' (aktiv);Chinesische Wild-Birne;5819491.795;395828.2337;2019;1;1;19;6
252;Friedrichshain;Samariterstraße;Nr. 39;39;;87;87 Pyrus calleryana 'Chanticleer' (aktiv);Chinesische Wild-Birne;5819458.378;395803.6117;2019;1;1;19;6
253;Friedrichshain;Samariterstraße;Nr. 40;;;88;88 Sorbus intermedia (aktiv);Oxelbeere. Schwedische Mehlbeere;5819450.376;395800.8942;2013;7;1;30;10
254;Friedrichshain;Scharnweberstraße;Nr. 22A;22A;;38;38 Tilia intermedia 'Pallida' (aktiv);Kaiser-Linde;5819187.546;395902.1526;2019;1;;;
255;Friedrichshain;Scharnweberstraße;Nr. 32. Ecke Mainzer Straße;32;;50;50 Tilia intermedia 'Pallida' (aktiv);Kaiser-Linde;5819233.588;395667.6247;2013;7;1;41;13
256;Friedrichshain;Scharnweberstraße;Nr. 44;44;;58;58 Tilia intermedia 'Pallida' (aktiv);Kaiser-Linde;5819174.482;395899.2025;2019;1;;;
257;Friedrichshain;Scharnweberstraße;Nr. 45;45;;59;59 Tilia intermedia 'Pallida' (aktiv);Kaiser-Linde;5819173.534;395905.1026;2019;1;;;
258;Friedrichshain;Schreinerstr.;Nr. 13/ Ecke Samariterstraße;;;27;27 Pyrus calleryana 'Chanticleer' (aktiv);Chinesische Wild-Birne;5819674.174;395894.73;2013;7;1;34;11
259;Friedrichshain;Seumestraße;Nr. 19;;;25;25 Sorbus intermedia (aktiv);Oxelbeere. Schwedische Mehlbeere;5818916.393;395646.1405;2013;7;1;17;5
260;Friedrichshain;Seumestraße;Nr. 19;;;27;27 Sorbus intermedia (aktiv);Oxelbeere. Schwedische Mehlbeere;5818902.685;395640.422;2013;7;1;18;6
261;Friedrichshain;Seumestraße;Nr. 24;;;36;36 Sorbus intermedia (aktiv);Oxelbeere. Schwedische Mehlbeere;5818784.634;395591.3842;2013;7;1;19;6
262;Friedrichshain;Simon-Dach-Straße;Nr. 16a;16a;;52;52 Tilia intermedia 'Pallida' (aktiv);Kaiser-Linde;5818814.022;395202.2093;2014;6;1;20;6
263;Friedrichshain;Straßmannstraße;Nr. 35;;;34;34 Acer platanoides 'Columnare' (aktiv);Säulenförmiger Spitz-Ahorn;5820325.445;395005.4622;2019;1;;;
264;Friedrichshain;Thaerstraße;Nr. 45;45;;29;29 Crataegus monogyna 'Stricta' (aktiv);Säulen-Weiss-Dorn;;;2019;1;1;20;6
265;Friedrichshain;Weichselstraße;ggü Nr. 13;;;17;17 Tilia intermedia 'Pallida' (aktiv);Kaiser-Linde;5819009.129;396105.6902;2013;7;1;28;9
266;Friedrichshain;Weichselstraße;;18;;64;64 Fraxinus ornus 'Obelisk' (aktiv);Säulen-Blumenesche;5818903.096;396023.1448;2019;1;;;
267;Friedrichshain;Weidenweg;Nr. 65;;;13;13 Acer platanoides 'Olmstedt' (aktiv);Spitz-Ahorn 'Olmstedt';5819930.21;395203.3445;2013;7;1;38;12
268;Friedrichshain;Weserstraße;ggü Nr. 20a am Wismarplatz;;;35;35 Tilia intermedia 'Pallida' (aktiv);Kaiser-Linde;5818969.1;395785.9616;2013;7;1;35;11
269;Friedrichshain;Weserstraße;ggü Nr. 20a am Wismarplatz;;;36;36 Tilia intermedia 'Pallida' (aktiv);Kaiser-Linde;5818959.738;395798.5358;2013;7;1;35;11
270;Friedrichshain;Wühlischstraße;ggü Nr. 7;;;64;64 Tilia intermedia 'Pallida' (aktiv);Kaiser-Linde;5818598.17;395868.324;2013;7;1;20;6
271;Friedrichshain;Wühlischstraße;ggü Nr. 6;;;67;67 Tilia intermedia 'Pallida' (aktiv);Kaiser-Linde;5818590.488;395887.0621;2013;7;1;20;6
1;Kreuzberg;Alte Jakobstraße;h 120a;h 120 a;;75;75 Gleditsia triacanthos (aktiv);Dreidorniger Lederhülsenbaum;5818440.49;391402.5861;2013;7;1;31;10
2;Kreuzberg;Baruther Straße;friedhofseite;;;43;43 Tilia intermedia 'Pallida' (aktiv);Kaiser-Linde;5817245.732;390858.7699;2013;7;1;44;14
3;Kreuzberg;Baruther Straße;Friedhofseite ecke Nostizstr;;;49;49 Tilia intermedia 'Pallida' (aktiv);Kaiser-Linde;5817241.402;390798.4464;2013;7;1;34;11
4;Kreuzberg;Blücherplatz;vor domäme;;;8 neu;8 neu Fraxinus ornus 'Obelisk' (aktiv);Säulen-Blumenesche;5817511.249;390774.9197;2019;1;0;;
5;Kreuzberg;Blücherstraße;Mittelstreifen;;;185;185 Platanus acerifolia (aktiv);Ahornblättrige Platane;5817434.388;390899.8999;2013;7;1;25;8
6;Kreuzberg;Blücherstraße;h 19;;;31;31 Platanus acerifolia (aktiv);Ahornblättrige Platane;5817278.371;391263.7635;2013;7;1;29;9
7;Kreuzberg;Dieffenbachstraße;h 11;;;3;3 Unbekannt (aktiv);Unbekannt;5817058.009;392364.0586;2019;1;0;19;6
8;Kreuzberg;Dieffenbachstraße;Haus nr 40;;;31;31 Unbekannt (aktiv);Unbekannt;5816926.522;392697.947;2019;1;0;20;6
9;Kreuzberg;Dieffenbachstraße;Haus Nr.57;;;41;41 Platanus acerifolia (aktiv);Ahornblättrige Platane;5817010.614;392505.2265;2013;7;1;24;8
10;Kreuzberg;Dieffenbachstraße;58 a;;;43;43 Platanus acerifolia (aktiv);Ahornblättrige Platane;5817021.25;392481.4857;2013;7;1;28;9
11;Kreuzberg;Dieffenbachstraße;h 60;;;48;48 Platanus acerifolia (aktiv);Ahornblättrige Platane;5817049.875;392416.1546;2013;7;1;28;9
12;Kreuzberg;Dudenstraße;;;;5;5 Ginkgo biloba (aktiv);Fächerblattbaum;5816224.551;389545.1562;2019;1;0;;
13;Kreuzberg;Eylauer Straße;Ecke dudenstr;;;13;13 Pyrus calleryana 'Chanticleer' (aktiv);Chinesische Wild-Birne;5816253.595;389654.1313;2013;7;1;35;11
14;Kreuzberg;Eylauer Straße;h 17;17;;19;19 Pyrus calleryana 'Chanticleer' (aktiv);Chinesische Wild-Birne;5816329.487;389657.4793;2013;7;1;35;11
15;Kreuzberg;Eylauer Straße;h 20;;;21;21 Pyrus calleryana 'Chanticleer' (aktiv);Chinesische Wild-Birne;5816379.462;389658.9056;2013;7;1;29;9
16;Kreuzberg;Eylauer Straße;h 4;;;6;6 Pyrus calleryana 'Chanticleer' (aktiv);Chinesische Wild-Birne;5816451.288;389650.7472;2013;7;1;38;12
17;Kreuzberg;Falckensteinstraße;h 9;;;11;11 Quercus frainetto (aktiv);Ungarische Eiche;5817671.932;394282.4784;2019;1;0;;
18;Kreuzberg;Falckensteinstraße;h 4;;;3;3 Quercus frainetto (aktiv);Ungarische Eiche;5817758.811;394338.26;2019;1;0;;
19;Kreuzberg;Falckensteinstraße;h 25;;;32;32 Quercus frainetto (aktiv);Ungarische Eiche;5817452.149;394153.8493;2019;1;0;;
20;Kreuzberg;Falckensteinstraße;h 27;;;34;34 Quercus frainetto (aktiv);Ungarische Eiche;5817476.769;394169.7152;2019;1;0;;
21;Kreuzberg;Falckensteinstraße;h 36;;;47;47 Quercus frainetto (aktiv);Ungarische Eiche;5817641.084;394275.7012;2019;1;0;;
22;Kreuzberg;Falckensteinstraße;h 38;;;50;50 Quercus frainetto (aktiv);Ungarische Eiche;5817670;394297;2019;1;0;;
23;Kreuzberg;Forster Straße;hnr.40/1;;;43;43 Sophora japonica (aktiv);Japanischer Schnurbaum;5817122.143;393548.4143;;;0;;
24;Kreuzberg;Franz-Klühs-Straße;;;;6;6 Quercus rubra (aktiv);Amerikanische Rot-Eiche;;;2019;1;1;;
25;Kreuzberg;Franz-Künstler-Straße;hnr.1/1 ecke alexandrienenstrasse;;;1;1 Fraxinus ornus 'Obelisk' (aktiv);Säulen-Blumenesche;5818099.94;391547.5974;2019;1;0;;
26;Kreuzberg;Fürbringerstraße;h 25;;;27;27 Fraxinus ornus 'Obelisk' (aktiv);Säulen-Blumenesche;5817098.707;391127.6523;2019;1;0;19;6
27;Kreuzberg;Geibelstraße;Ecke Wilmsstr;;;1;1 Sorbus spec. (aktiv);Eberesche. Mehlbeere;5817260;391825;;;0;19;6
28;Kreuzberg;Geibelstraße;ggü Nr 6;;;12;12 Sorbus spec. (aktiv);Eberesche. Mehlbeere;5817158.907;391793.6396;2019;1;0;20;6
29;Kreuzberg;Glogauer Straße;h 13;;;5;5 Quercus spec. (aktiv);Eiche;5816978.464;393847.4537;;;0;;
30;Kreuzberg;Glogauer Straße;h 13;;;6;6 Quercus spec. (aktiv);Eiche;5816969.276;393841.5835;;;0;16;5
31;Kreuzberg;Gneisenaustraße;h 57;;;110;110 Corylus colurna (aktiv);Baum-Hasel;5816708.608;391673.9021;2019;1;0;20;6
32;Kreuzberg;Gneisenaustraße;h 64;;;120;120 Corylus colurna (aktiv);Baum-Hasel;5816753.517;391551.5851;2013;7;1;35;11
33;Kreuzberg;Gneisenaustraße;h 113;;;196;196 Tilia intermedia 'Pallida' (aktiv);Kaiser-Linde;5817082.378;390618.9079;2013;7;1;29;9
34;Kreuzberg;Gneisenaustraße;ggue 33;;;238;238 Tilia intermedia 'Pallida' (aktiv);Kaiser-Linde;5816848.828;391180.6936;2013;7;1;28;9
35;Kreuzberg;Gneisenaustraße;m geg h 81;;;311;311 Tilia intermedia 'Pallida' (aktiv);Kaiser-Linde;5816864.912;391191.7506;2013;7;1;27;9
36;Kreuzberg;Görlitzer Straße;hnr.58/1;;;130;130 Sophora japonica (aktiv);Japanischer Schnurbaum;5817533.86;393929.2551;2019;1;0;;
37;Kreuzberg;Großbeerenstraße;haus 75;75;;106;106 Tilia intermedia 'Pallida' (aktiv);Kaiser-Linde;;;2019;1;0;20;6
38;Kreuzberg;Großbeerenstraße;haus 75;75;;106;106 Tilia intermedia 'Pallida' (aktiv);Kaiser-Linde;;;2019;1;0;20;6
39;Kreuzberg;Großbeerenstraße;h 81;;;114;114 Tilia intermedia 'Pallida' (aktiv);Kaiser-Linde;5817597.633;390362.9269;2019;1;0;;
40;Kreuzberg;Großbeerenstraße;ggü 94;;;5;5 Tilia intermedia 'Pallida' (aktiv);Kaiser-Linde;5817932.437;390424.0594;2019;1;0;20;6
41;Kreuzberg;Großbeerenstraße;ggü 94;;;5;5 Tilia intermedia 'Pallida' (aktiv);Kaiser-Linde;5817932.437;390424.0594;2019;1;0;20;6
42;Kreuzberg;Hasenheide;h 24;;;28;28 Aesculus spec. (aktiv);Rosskastanie;5816475.918;392558.4429;2019;1;0;19;6
43;Kreuzberg;Hasenheide;h 56;;;70;70 Aesculus spec. (aktiv);Rosskastanie;5816610.542;391994.1269;;;0;19;6
44;Kreuzberg;Kohlfurter Straße;vor Schule;;;10;10 Sophora japonica (aktiv);Japanischer Schnurbaum;5817531.053;392469.1391;2013;7;1;35;11
45;Kreuzberg;Kohlfurter Straße;vor Schule;;;11;11 Sophora japonica (aktiv);Japanischer Schnurbaum;5817527.742;392476.2725;2013;7;1;31;10
46;Kreuzberg;Kohlfurter Straße;vor Schule;;;8;8 Sophora japonica (aktiv);Japanischer Schnurbaum;5817537.679;392454.5553;2013;7;1;47;15
47;Kreuzberg;Kohlfurter Straße;vor Schule;;;9;9 Sophora japonica (aktiv);Japanischer Schnurbaum;5817534.477;392461.5848;2013;7;1;47;15
48;Kreuzberg;Köpenicker Straße;h 190;;;137;137 Quercus frainetto (aktiv);Ungarische Eiche;5817996.238;394136.3359;2019;1;0;;
49;Kreuzberg;Köpenicker Straße;h 16;;;43;43 Quercus frainetto (aktiv);Ungarische Eiche;5818354.925;393715.0994;2019;1;0;;
50;Kreuzberg;Köpenicker Straße;h 16;;;45;45 Quercus frainetto (aktiv);Ungarische Eiche;5818378.29;393682.8707;2019;1;0;;
51;Kreuzberg;Körtestraße;Grünfläche am Südstern;;;32;32 Malus spec. (aktiv);Apfel;5816682.716;391896.2326;2013;7;1;26;8
52;Kreuzberg;Körtestraße;Grünfläche am Südstern;;;34;34 Prunus padus (aktiv);Trauben-Kirsche;5816688.396;391903.616;2013;7;1;26;8
53;Kreuzberg;Körtestraße;h 12;;;6;6 Sorbus intermedia 'Brouwers' (aktiv);Schwedische Mehlbeere;5816853.728;392124.3882;2013;7;1;23;7
54;Kreuzberg;Kottbusser Damm;h 10;;;13;13 Fraxinus ornus 'Obelisk' (aktiv);Säulen-Blumenesche;5817109.524;392836.2249;2019;1;0;19;6
55;Kreuzberg;Kottbusser Damm;haus nr 24;;;24;24 Acer spec. (aktiv);Ahorn;5816699.588;392982.2451;2019;1;0;;
56;Kreuzberg;Kottbusser Damm;h 75;;;52;52 Acer spec. (aktiv);Ahorn;5816779.127;392979.823;2019;1;0;20;6
57;Kreuzberg;Kottbusser Damm;h 79;;;56;56 Acer spec. (aktiv);Ahorn;5816863.516;392949.5215;2019;1;0;19;6
58;Kreuzberg;Kottbusser Damm;Ecke Bürknerstr;;;63;63 Acer spec. (aktiv);Ahorn;5817022.228;392892.3789;2019;1;0;20;6
59;Kreuzberg;Kottbusser Straße;;13;;22;22 Fraxinus ornus 'Obelisk' (aktiv);Säulen-Blumenesche;;;2019;1;0;;
60;Kreuzberg;Kottbusser Straße;vor commerzbank;;;6;6 Fraxinus ornus 'Obelisk' (aktiv);Säulen-Blumenesche;5817649.289;392636.342;2019;1;;;
61;Kreuzberg;Mehringdamm;h 85 im beet;;;150;150 Prunus mahaleb (aktiv);Felsen-Kirsche;;;2019;1;1;25;8
62;Kreuzberg;Mehringdamm;h 57 im beet;;;174;174 Sorbus spec. (aktiv);Eberesche. Mehlbeere;;;2019;1;1;22;7
63;Kreuzberg;Mehringdamm;h 41 im beet;;;186;186 Crataegus monogyna 'Stricta' (aktiv);Säulen-Weiss-Dorn;5817015.755;390533.8555;1972;48;1;23;7
64;Kreuzberg;Mehringdamm;haus 64;;;51;51 Gleditsia triacanthos 'Skyline' (aktiv);Gleditschie 'Skyline';;;2019;1;1;23;7
65;Kreuzberg;Mehringdamm;haus 126;;;94;94 Gleditsia triacanthos 'Skyline' (aktiv);Gleditschie 'Skyline';;;2019;1;0;;
66;Kreuzberg;Mehringdamm;haus 128;;;95;95 Sorbus spec. (aktiv);Eberesche. Mehlbeere;;;2019;1;0;23;7
67;Kreuzberg;Mittenwalder Straße;h 52;;;52;52 Crataegus monogyna 'Stricta' (aktiv);Säulen-Weiss-Dorn;5817119.915;391176.8677;2019;1;0;18;6
68;Kreuzberg;Möckernstraße;Ecke Hagelberger Str.;;;117;117 Quercus cerris (aktiv);Zerr-Eiche;5816944.181;389979.2791;2019;1;0;;
69;Kreuzberg;Möckernstraße;ecke hornstr;;;129;129 Quercus cerris (aktiv);Zerr-Eiche;5817223.743;389997.4008;2019;1;0;;
70;Kreuzberg;Möckernstraße;ggü Tempodrom;;;171;171 Quercus cerris (aktiv);Zerr-Eiche;5818019.816;390166.8344;2019;1;0;;
71;Kreuzberg;Möckernstraße;gegenüber 111;;;52;52 Quercus cerris (aktiv);Zerr-Eiche;5817470.661;390001.4618;2019;1;0;;
72;Kreuzberg;Nostitzstraße;h 8-10;;;10;10 Fraxinus ornus 'Obelisk' (aktiv);Säulen-Blumenesche;5817071.619;390757.4984;2019;1;0;20;6
73;Kreuzberg;Nostitzstraße;h1-2;;;4;4 Fraxinus ornus 'Obelisk' (aktiv);Säulen-Blumenesche;5817176.632;390777.9091;2019;1;0;20;6
74;Kreuzberg;Nostitzstraße;h 5;;;7;7 Fraxinus ornus 'Obelisk' (aktiv);Säulen-Blumenesche;5817132.558;390769.4515;2019;1;0;20;6
75;Kreuzberg;Nostitzstraße;h6-7;;;8;8 Fraxinus ornus 'Obelisk' (aktiv);Säulen-Blumenesche;5817122.224;390767.5621;2019;1;0;20;6
76;Kreuzberg;Nostitzstraße;h 8;;;9;9 Fraxinus ornus 'Obelisk' (aktiv);Säulen-Blumenesche;5817083.845;390760.0588;2019;1;0;20;6
77;Kreuzberg;Pücklerstraße;;;;12;12 Crataegus prunifolia (aktiv);Pflaumenblättriger Weiss-Dorn;;;2019;1;0;;
78;Kreuzberg;Pücklerstraße;h 32;32;;24;24 Liquidambar spec. (aktiv);Amberbaum;5818002.147;393450.3147;2013;7;1;38;12
79;Kreuzberg;Pücklerstraße;34. vor der Markthalle;34;;28;28 Liquidambar spec. (aktiv);Amberbaum;;;2013;7;1;31;10
80;Kreuzberg;Ratiborstraße;h 14a;;;11;11 Quercus spec. (aktiv);Eiche;5816826.852;393929.0731;2019;1;0;17;5
81;Kreuzberg;Riemannstraße;haus 6;;;46;46 Tilia intermedia 'Pallida' (aktiv);Kaiser-Linde;;;2019;1;0;;
82;Kreuzberg;Riemannstraße;haus 4;;;47;47 Fraxinus ornus 'Obelisk' (aktiv);Säulen-Blumenesche;;;2019;1;0;;
83;Kreuzberg;Riemannstraße;haus 9;;;6;6 Crataegus prunifolia (aktiv);Pflaumenblättriger Weiss-Dorn;;;2019;1;0;;
84;Kreuzberg;Schöneberger Straße;hnr.1/2 hotel;;;2;2 Prunus spec. (aktiv);Kirsche;5818329.499;390121.8955;2019;1;0;19;6
85;Kreuzberg;Skalitzer Straße;kirche/8 am lausitzerplatz;;;158;158 Gymnocladus dioicus (aktiv);Geweihbaum;5817757.298;393498.7953;2019;1;;;
86;Kreuzberg;Skalitzer Straße;kirche/11 am lausitzerplatz;;;164;164 Crataegus monogyna 'Stricta' (aktiv);Säulen-Weiss-Dorn;5817757.434;393482.9242;2019;1;;;
87;Kreuzberg;Skalitzer Straße;hnr.112/2 ecke oranienstr;;;182;182 Fraxinus ornus 'Obelisk' (aktiv);Säulen-Blumenesche;5817735.894;393119.2456;2019;1;;;
88;Kreuzberg;Skalitzer Straße;;114;;187;187 Fraxinus ornus 'Obelisk' (aktiv);Säulen-Blumenesche;;;2019;1;0;;
89;Kreuzberg;Skalitzer Straße;hnr.121/5;;;198;198 Fraxinus ornus 'Obelisk' (aktiv);Säulen-Blumenesche;5817738.425;393000.1089;2019;1;;;
90;Kreuzberg;Skalitzer Straße;hnr.126/4;;;215;215 Fraxinus ornus 'Obelisk' (aktiv);Säulen-Blumenesche;5817735.795;392853.2282;2019;1;0;;
91;Kreuzberg;Skalitzer Straße;hnr.127-128/2;;;219;219 Fraxinus ornus 'Obelisk' (aktiv);Säulen-Blumenesche;5817736.053;392825.7185;2019;1;;;
92;Kreuzberg;Skalitzer Straße;hnr.129/2;;;223;223 Gleditsia triacanthos 'Skyline' (aktiv);Gleditschie 'Skyline';5817737.187;392793.9927;2019;1;1;;
93;Kreuzberg;Skalitzer Straße;;132;;225;225 Fraxinus ornus 'Obelisk' (aktiv);Säulen-Blumenesche;;;2019;1;0;;
94;Kreuzberg;Skalitzer Straße;;50/51;;81;81 Gymnocladus dioicus (aktiv);Geweihbaum;;;2019;1;0;;
95;Kreuzberg;Skalitzer Straße;hnr.54/1;;;84;84 Gymnocladus dioicus (aktiv);Geweihbaum;5817764.464;393752.3307;2019;1;1;141;45
96;Kreuzberg;Solmsstraße;h 20;;;22;22 Pyrus calleryana 'Chanticleer' (aktiv);Chinesische Wild-Birne;5816866.391;390850.6219;2013;7;1;32;10
97;Kreuzberg;Solmsstraße;h 33;;;37;37 Corylus colurna (aktiv);Baum-Hasel;5816769.832;390844.7379;2013;7;1;36;11
98;Kreuzberg;Trebbiner Straße;h 6;;;10;10 Platanus acerifolia (aktiv);Ahornblättrige Platane;5817733.277;389767.3737;2013;7;1;42;13
99;Kreuzberg;Urbanstraße;h 38;;;100;100 Tilia intermedia 'Pallida' (aktiv);Kaiser-Linde;5816834.474;392427.8509;2013;7;1;25;8
100;Kreuzberg;Urbanstraße;h 47;;;108;108 Tilia intermedia 'Pallida' (aktiv);Kaiser-Linde;5816774.983;392551.1952;2013;7;1;21;7
101;Kreuzberg;Urbanstraße;Ecke Graefestr.;;;163;163 Tilia intermedia 'Pallida' (aktiv);Kaiser-Linde;5816827.895;392488.5747;2013;7;1;25;8
102;Kreuzberg;Urbanstraße;;;;205;205 Tilia intermedia 'Pallida' (aktiv);Kaiser-Linde;5817139.65;391752.8046;2013;7;1;23;7
103;Kreuzberg;Waldemarstraße;Haus Nr 27;27;;14;14 Gleditsia triacanthos (aktiv);Dreidorniger Lederhülsenbaum;5818255.791;392663.7752;2019;1;1;25;8
104;Kreuzberg;Waldemarstraße;Haus Nr 27;27;;14;14 Gleditsia triacanthos (aktiv);Dreidorniger Lederhülsenbaum;5818255.791;392663.7752;2019;1;1;25;8
105;Kreuzberg;Waldemarstraße;Haus Nr 35;35;;18;18 Unbekannt (aktiv);Unbekannt;5818232.721;392711.9253;2019;1;0;19;6
106;Kreuzberg;Waldemarstraße;Haus Nr 35;35;;18;18 Unbekannt (aktiv);Unbekannt;5818232.721;392711.9253;2019;1;0;19;6
107;Kreuzberg;Waldemarstraße;Haus Nr 112;;;65;65 Pyrus spec. (aktiv);Birne;5817925.347;393329.3473;2019;1;1;28;9
108;Kreuzberg;Waldemarstraße;Haus Nr 112;;;65;65 Pyrus spec. (aktiv);Birne;5817925.347;393329.3473;2019;1;1;28;9
109;Kreuzberg;Waldemarstraße;ecke manteuffelstrasse;104;;68;68 Juglans spec. (aktiv);Nuss;5817949.258;393283.504;2019;1;1;25;8
110;Kreuzberg;Waldemarstraße;ecke manteuffelstrasse;104;;68;68 Juglans spec. (aktiv);Nuss;5817949.258;393283.504;2019;1;1;25;8
111;Kreuzberg;Zeughofstraße;;;;23;23 Crataegus monogyna 'Stricta' (aktiv);Säulen-Weiss-Dorn;;;2019;1;0;;
112;Kreuzberg;Zossener Straße;ggü Joanithastr;;;5;5 Platanus spec. (aktiv);Platane;5817516.92;391047.269;2019;1;0;19;6
113;Kreuzberg;Zossener Straße;ggü Joanithastr;;;5;5 Platanus spec. (aktiv);Platane;5817516.92;391047.269;2019;1;0;19;6